{"properties":{"connectionReferences":{"shared_commondataserviceforapps":{"runtimeSource":"embedded","connection":{},"api":{"name":"shared_commondataserviceforapps"}},"shared_servicebus":{"runtimeSource":"embedded","connection":{},"api":{"name":"shared_servicebus"}}},"definition":{"$schema":"https://schema.management.azure.com/providers/Microsoft.Logic/schemas/2016-06-01/workflowdefinition.json#","contentVersion":"1.0.0.0","parameters":{"$connections":{"defaultValue":{},"type":"Object"},"$authentication":{"defaultValue":{},"type":"SecureObject"}},"triggers":{"Execution_Context_Row":{"metadata":{"operationMetadataId":"b035abe3-cd46-43dd-808c-1f21ce4e6a5b"},"type":"OpenApiConnectionWebhook","inputs":{"host":{"connectionName":"shared_commondataserviceforapps","operationId":"SubscribeWebhookTrigger","apiId":"/providers/Microsoft.PowerApps/apis/shared_commondataserviceforapps"},"parameters":{"subscriptionRequest/message":1,"subscriptionRequest/entityname":"aylos_executioncontext","subscriptionRequest/scope":4},"authentication":"@parameters('$authentication')"}}},"actions":{"Compose":{"runAfter":{},"metadata":{"operationMetadataId":"7f0ef9cc-0dd8-4fb8-b3db-a16ac142d956"},"type":"Compose","inputs":"@triggerOutputs()?['body/aylos_executioncontextid']"},"Send_message":{"runAfter":{"Compose":["Succeeded"]},"metadata":{"operationMetadataId":"3c5d80fd-b1e9-4c6f-9ce7-46b6a85b61b4"},"type":"OpenApiConnection","inputs":{"host":{"connectionName":"shared_servicebus","operationId":"SendMessage","apiId":"/providers/Microsoft.PowerApps/apis/shared_servicebus"},"parameters":{"entityName":"session-messages","message/SessionId":"@triggerOutputs()?['body/aylos_correlationid']","message/ContentData":"@triggerOutputs()?['body/aylos_content']","message/ContentType":"application/json","systemProperties":"None"},"authentication":"@parameters('$authentication')"}},"Delete_a_row":{"runAfter":{"Send_message":["Succeeded"]},"metadata":{"operationMetadataId":"5625f870-91ef-45c8-9b51-be74ddd953fd"},"type":"OpenApiConnection","inputs":{"host":{"connectionName":"shared_commondataserviceforapps","operationId":"DeleteRecord","apiId":"/providers/Microsoft.PowerApps/apis/shared_commondataserviceforapps"},"parameters":{"entityName":"aylos_executioncontexts","recordId":"@triggerOutputs()?['body/aylos_executioncontextid']"},"authentication":"@parameters('$authentication')"}}}}},"schemaVersion":"1.0.0.0"}