<ImportExportXml version="9.2.22013.136" SolutionPackageVersion="9.2" languagecode="1033" generatedBy="CrmLive" xmlns:xsi="http://www.w3.org/2001/XMLSchema-instance">
  <SolutionManifest>
    <UniqueName>ExecutionContext</UniqueName>
    <LocalizedNames>
      <LocalizedName description="Execution Context" languagecode="1033" />
    </LocalizedNames>
    <Descriptions>
      <Description description="Contains an entity to store the execution context data/metadata. Code can be found in the aylosx github repos." languagecode="1033" />
    </Descriptions>
    <Version>2022.02.07.1445</Version>
    <Managed>1</Managed>
    <Publisher>
      <UniqueName>aylosukltd</UniqueName>
      <LocalizedNames>
        <LocalizedName description="Aylos UK Ltd" languagecode="1033" />
      </LocalizedNames>
      <Descriptions />
      <EMailAddress xsi:nil="true"></EMailAddress>
      <SupportingWebsiteUrl xsi:nil="true"></SupportingWebsiteUrl>
      <CustomizationPrefix>aylos</CustomizationPrefix>
      <CustomizationOptionValuePrefix>27974</CustomizationOptionValuePrefix>
      <Addresses>
        <Address>
          <AddressNumber>1</AddressNumber>
          <AddressTypeCode>1</AddressTypeCode>
          <City xsi:nil="true"></City>
          <County xsi:nil="true"></County>
          <Country xsi:nil="true"></Country>
          <Fax xsi:nil="true"></Fax>
          <FreightTermsCode xsi:nil="true"></FreightTermsCode>
          <ImportSequenceNumber xsi:nil="true"></ImportSequenceNumber>
          <Latitude xsi:nil="true"></Latitude>
          <Line1 xsi:nil="true"></Line1>
          <Line2 xsi:nil="true"></Line2>
          <Line3 xsi:nil="true"></Line3>
          <Longitude xsi:nil="true"></Longitude>
          <Name xsi:nil="true"></Name>
          <PostalCode xsi:nil="true"></PostalCode>
          <PostOfficeBox xsi:nil="true"></PostOfficeBox>
          <PrimaryContactName xsi:nil="true"></PrimaryContactName>
          <ShippingMethodCode>1</ShippingMethodCode>
          <StateOrProvince xsi:nil="true"></StateOrProvince>
          <Telephone1 xsi:nil="true"></Telephone1>
          <Telephone2 xsi:nil="true"></Telephone2>
          <Telephone3 xsi:nil="true"></Telephone3>
          <TimeZoneRuleVersionNumber xsi:nil="true"></TimeZoneRuleVersionNumber>
          <UPSZone xsi:nil="true"></UPSZone>
          <UTCOffset xsi:nil="true"></UTCOffset>
          <UTCConversionTimeZoneCode xsi:nil="true"></UTCConversionTimeZoneCode>
        </Address>
        <Address>
          <AddressNumber>2</AddressNumber>
          <AddressTypeCode>1</AddressTypeCode>
          <City xsi:nil="true"></City>
          <County xsi:nil="true"></County>
          <Country xsi:nil="true"></Country>
          <Fax xsi:nil="true"></Fax>
          <FreightTermsCode xsi:nil="true"></FreightTermsCode>
          <ImportSequenceNumber xsi:nil="true"></ImportSequenceNumber>
          <Latitude xsi:nil="true"></Latitude>
          <Line1 xsi:nil="true"></Line1>
          <Line2 xsi:nil="true"></Line2>
          <Line3 xsi:nil="true"></Line3>
          <Longitude xsi:nil="true"></Longitude>
          <Name xsi:nil="true"></Name>
          <PostalCode xsi:nil="true"></PostalCode>
          <PostOfficeBox xsi:nil="true"></PostOfficeBox>
          <PrimaryContactName xsi:nil="true"></PrimaryContactName>
          <ShippingMethodCode>1</ShippingMethodCode>
          <StateOrProvince xsi:nil="true"></StateOrProvince>
          <Telephone1 xsi:nil="true"></Telephone1>
          <Telephone2 xsi:nil="true"></Telephone2>
          <Telephone3 xsi:nil="true"></Telephone3>
          <TimeZoneRuleVersionNumber xsi:nil="true"></TimeZoneRuleVersionNumber>
          <UPSZone xsi:nil="true"></UPSZone>
          <UTCOffset xsi:nil="true"></UTCOffset>
          <UTCConversionTimeZoneCode xsi:nil="true"></UTCConversionTimeZoneCode>
        </Address>
      </Addresses>
    </Publisher>
    <RootComponents>
      <RootComponent type="1" schemaName="aylos_executioncontext" behavior="0" />
      <RootComponent type="91" id="{a086a4db-63ff-4d73-b478-c6b26895ee48}" schemaName="Plugins.AnyEntity, Version=1.0.0.0, Culture=neutral, PublicKeyToken=31b77676a53f41e0" behavior="0" />
      <RootComponent type="91" id="{65a2b3f3-0f1d-4d07-86a5-5eaeb4c83d51}" schemaName="Plugins.ExecutionContext, Version=1.0.0.0, Culture=neutral, PublicKeyToken=31b77676a53f41e0" behavior="0" />
      <RootComponent type="92" id="{069ea4eb-e185-ec11-8d21-002248004695}" behavior="0" />
      <RootComponent type="92" id="{0f1985ac-1886-ec11-8d21-002248004695}" behavior="0" />
      <RootComponent type="92" id="{23bdacb8-1886-ec11-8d21-002248004695}" behavior="0" />
      <RootComponent type="92" id="{4f60c898-1886-ec11-8d21-002248004695}" behavior="0" />
      <RootComponent type="92" id="{540b32d8-e185-ec11-8d21-002248004695}" behavior="0" />
      <RootComponent type="92" id="{55d1021c-5788-ec11-93b0-00224800735a}" behavior="0" />
      <RootComponent type="92" id="{5c9e18b2-3d88-ec11-93b0-00224800735a}" behavior="0" />
      <RootComponent type="92" id="{62b0619f-1f88-ec11-93b0-002248007ea8}" behavior="0" />
      <RootComponent type="92" id="{84bd04af-1f88-ec11-93b0-002248007ea8}" behavior="0" />
      <RootComponent type="92" id="{874093a7-e185-ec11-8d21-002248004695}" behavior="0" />
      <RootComponent type="92" id="{92f9ce77-1886-ec11-8d21-002248004695}" behavior="0" />
      <RootComponent type="92" id="{a34b4662-1886-ec11-8d21-002248004695}" behavior="0" />
      <RootComponent type="92" id="{aa78972c-e285-ec11-8d21-002248004695}" behavior="0" />
      <RootComponent type="92" id="{db06c88b-e685-ec11-8d21-002248004695}" behavior="0" />
      <RootComponent type="92" id="{df53d5b0-e185-ec11-8d21-002248004695}" behavior="0" />
      <RootComponent type="92" id="{e1bfb594-e185-ec11-8d21-002248004695}" behavior="0" />
      <RootComponent type="92" id="{e747e7fc-e185-ec11-8d21-002248004695}" behavior="0" />
      <RootComponent type="92" id="{f57ee68e-1886-ec11-8d21-002248004695}" behavior="0" />
      <RootComponent type="92" id="{fc169c2e-5788-ec11-93b0-00224800735a}" behavior="0" />
      <RootComponent type="92" id="{ff2d691a-e285-ec11-8d21-002248004695}" behavior="0" />
    </RootComponents>
    <MissingDependencies>
      <MissingDependency>
        <Required type="1" schemaName="lead" displayName="Lead" solution="msdynce_LeadManagement (9.0.4.0066)">
          <package>msdynce_LeadManagementAnchor (9.0.21122.10002)</package>
        </Required>
        <Dependent type="92" displayName="Plugins.AnyEntity.StoreContextUponAnyEvent: SetState of lead" id="{62b0619f-1f88-ec11-93b0-002248007ea8}" />
      </MissingDependency>
      <MissingDependency>
        <Required type="1" schemaName="lead" displayName="Lead" solution="msdynce_LeadManagement (9.0.4.0066)">
          <package>msdynce_LeadManagementAnchor (9.0.21122.10002)</package>
        </Required>
        <Dependent type="92" displayName="Plugins.AnyEntity.StoreContextUponAnyEvent: SetStateDynamicEntity of lead" id="{84bd04af-1f88-ec11-93b0-002248007ea8}" />
      </MissingDependency>
      <MissingDependency>
        <Required type="1" schemaName="lead" displayName="Lead" solution="msdynce_LeadManagement (9.0.4.0066)">
          <package>msdynce_LeadManagementAnchor (9.0.21122.10002)</package>
        </Required>
        <Dependent type="92" displayName="Plugins.AnyEntity.StoreContextUponAnyEvent: QualifyLead of lead" id="{db06c88b-e685-ec11-8d21-002248004695}" />
      </MissingDependency>
      <MissingDependency>
        <Required type="1" schemaName="lead" displayName="Lead" solution="msdynce_LeadManagement (9.0.4.0066)">
          <package>msdynce_LeadManagementAnchor (9.0.21122.10002)</package>
        </Required>
        <Dependent type="92" displayName="Plugins.AnyEntity.StoreContextUponAnyEvent: Create of lead" id="{df53d5b0-e185-ec11-8d21-002248004695}" />
      </MissingDependency>
      <MissingDependency>
        <Required type="1" schemaName="lead" displayName="Lead" solution="msdynce_LeadManagement (9.0.4.0066)">
          <package>msdynce_LeadManagementAnchor (9.0.21122.10002)</package>
        </Required>
        <Dependent type="92" displayName="Plugins.AnyEntity.StoreContextUponAnyEvent: Delete of lead" id="{f57ee68e-1886-ec11-8d21-002248004695}" />
      </MissingDependency>
      <MissingDependency>
        <Required type="1" schemaName="lead" displayName="Lead" solution="msdynce_LeadManagement (9.0.4.0066)">
          <package>msdynce_LeadManagementAnchor (9.0.21122.10002)</package>
        </Required>
        <Dependent type="92" displayName="Plugins.AnyEntity.StoreContextUponAnyEvent: Update of lead" id="{ff2d691a-e285-ec11-8d21-002248004695}" />
      </MissingDependency>
      <MissingDependency>
        <Required type="1" schemaName="opportunity" displayName="Opportunity" solution="msdynce_Sales (9.0.4.0076)">
          <package>msdynce_SalesAnchor (9.0.22013.10002)</package>
        </Required>
        <Dependent type="92" displayName="Plugins.AnyEntity.StoreContextUponAnyEvent: Win of opportunity" id="{0f1985ac-1886-ec11-8d21-002248004695}" />
      </MissingDependency>
      <MissingDependency>
        <Required type="1" schemaName="opportunity" displayName="Opportunity" solution="msdynce_Sales (9.0.4.0076)">
          <package>msdynce_SalesAnchor (9.0.22013.10002)</package>
        </Required>
        <Dependent type="92" displayName="Plugins.AnyEntity.StoreContextUponAnyEvent: Lose of opportunity" id="{23bdacb8-1886-ec11-8d21-002248004695}" />
      </MissingDependency>
      <MissingDependency>
        <Required type="1" schemaName="opportunity" displayName="Opportunity" solution="msdynce_Sales (9.0.4.0076)">
          <package>msdynce_SalesAnchor (9.0.22013.10002)</package>
        </Required>
        <Dependent type="92" displayName="Plugins.AnyEntity.StoreContextUponAnyEvent: Delete of opportunity" id="{4f60c898-1886-ec11-8d21-002248004695}" />
      </MissingDependency>
      <MissingDependency>
        <Required type="1" schemaName="opportunity" displayName="Opportunity" solution="msdynce_Sales (9.0.4.0076)">
          <package>msdynce_SalesAnchor (9.0.22013.10002)</package>
        </Required>
        <Dependent type="92" displayName="Plugins.AnyEntity.StoreContextUponAnyEvent: Create of opportunity" id="{540b32d8-e185-ec11-8d21-002248004695}" />
      </MissingDependency>
      <MissingDependency>
        <Required type="1" schemaName="opportunity" displayName="Opportunity" solution="msdynce_Sales (9.0.4.0076)">
          <package>msdynce_SalesAnchor (9.0.22013.10002)</package>
        </Required>
        <Dependent type="92" displayName="Plugins.AnyEntity.StoreContextUponAnyEvent: Update of opportunity" id="{aa78972c-e285-ec11-8d21-002248004695}" />
      </MissingDependency>
    </MissingDependencies>
  </SolutionManifest>
</ImportExportXml>